Laarabi;Suleyman;suleyman.laarabi.dev@gmail.com;
Martineau;Jeremy;jeremy@gmail.com;
Laarabi;Sarah;sarah@gmail.com;
Toureau;Noa;noa@gmail.com;
Peneau;Sulivan;sulivan@gmail.com;
Noblet;Nolan;nolan@gmail.com;
Mohamed Cherif;Eiman;eiman.mcherif@gmail.com;
Laarabi;Mayssa;mayssa@gmail.com;
Moreno;Vincent;vincent@gmail.com;
Cailleux;Ivane;ivane@gmail.com;
Laarabi;Siham;siham@gmail.com;
Laarabi;Marya;marya@gmail.com;
Vion;Amelie;amelie@gmail.com;
Ludivion;Christian;christian@gmail.com;
Moreau;Jean;jean.moreau@email.com;
Dubois;Sophie;sophie.dubois@email.com;
Petit;Claire;claire.petit@email.com;
Garcia;Lucas;lucas.garcia@email.com;
Martin;Alice;alice.martin@email.com;
Leroy;David;david.leroy@email.com;
Bernard;Marie;marie.bernard@email.com;
Roux;Julien;julien.roux@email.com;
Vincent;Laura;laura.vincent@email.com;
Fournier;Alexandre;alex.fournier@email.com;
Girard;Chloé;chloe.girard@email.com;
Lambert;Mathieu;mathieu.lambert@email.com;
Bonnet;Élodie;elodie.bonnet@email.com;
Francois;Gabriel;gabriel.francois@email.com;
Martinez;Anaïs;anais.martinez@email.com;
Legrand;Nicolas;nicolas.legrand@email.com;
Garnier;Mélanie;melanie.garnier@email.com;
Faure;Thomas;thomas.faure@email.com;
Rousseau;Camille;camille.rousseau@email.com;
Blanc;Benoit;benoit.blanc@email.com;
Guillet;Amandine;amandine.guillet@email.com;
Dupont;Pierre;pierre.dupont@email.com;
Lopez;Céline;celine.lopez@email.com;
Simon;Étienne;etienne.simon@email.com;
Michel;Charlotte;charlotte.michel@email.com;
Lefevre;Guillaume;guillaume.lefevre@email.com;
Lemoine;Valérie;valerie.lemoine@email.com;
Dupuis;Maxime;maxime.dupuis@email.com;
Perez;Julie;julie.perez@email.com;
Andre;Christophe;christophe.andre@email.com;
Mercier;Sandra;sandra.mercier@email.com;
Moulin;Philippe;philippe.moulin@email.com;
Henry;Nathalie;nathalie.henry@email.com;
Roussel;Antoine;antoine.roussel@email.com;
Nicolas;Caroline;caroline.nicolas@email.com;
Morel;Romain;romain.morel@email.com;
Clement;Fanny;fanny.clement@email.com;
Gauthier;Bruno;bruno.gauthier@email.com;
Dumont;Audrey;audrey.dumont@email.com;
Lopez;Olivier;olivier.lopez@email.com;
Robin;Inès;ines.robin@email.com;
Morin;Jérôme;jerome.morin@email.com;
Fontaine;Morgane;morgane.fontaine@email.com;
Da Silva;Patrick;patrick.dasilva@email.com;
Leclerc;Emilie;emilie.leclerc@email.com;
Fernandez;Vincent;vincent.fernandez@email.com;
Gaillard;Noémie;noemie.gaillard@email.com;
Barbier;François;francois.barbier@email.com;
Arnaud;Laurence;laurence.arnaud@email.com;
Marchand;Brice;brice.marchand@email.com;
Bertrand;Emma;emma.bertrand@email.com;
Lefebvre;Cyril;cyril.lefebvre@email.com;
Perrot;Isabelle;isabelle.perrot@email.com;
Schmitt;Jean-Baptiste;jb.schmitt@email.com;
Royer;Clémentine;clementine.royer@email.com;
Colin;Fabrice;fabrice.colin@email.com;
Vidal;Mathilde;mathilde.vidal@email.com;
Caron;Samuel;samuel.caron@email.com;
Picard;Elise;elise.picard@email.com;
Roger;Adrien;adrien.roger@email.com;
Fabre;Ingrid;ingrid.fabre@email.com;
Aubert;Rémi;remi.aubert@email.com;
Alshamani;Aram;aram.alshamani@sn.fr;
ben ammar;yacine;yacine.benammar@stfelixlasalle.fr;
az;aza;az;
